,name,processed_battery,ram_processed,rom_processed,back_camera_processed,front_camera_processed,screen_processed,brand,price_processed
1,"vivo T2x 5G (Glimmer Black, 128 GB)",5000,8,128,50,8.0,16.71,vivo,15999
2,"vivo T2x 5G (Aurora Gold, 128 GB)",5000,8,128,50,8.0,16.71,vivo,15999
3,"vivo T2x 5G (Marine Blue, 128 GB)",5000,6,128,50,8.0,16.71,vivo,13999
4,"vivo T2x 5G (Aurora Gold, 128 GB)",5000,4,128,50,8.0,16.71,vivo,12999
5,"vivo T2x 5G (Marine Blue, 128 GB)",5000,4,128,50,8.0,16.71,vivo,12999
6,"vivo T2x 5G (Glimmer Black, 128 GB)",5000,4,128,50,8.0,16.71,vivo,12999
7,"vivo T2x 5G (Marine Blue, 128 GB)",5000,8,128,50,8.0,16.71,vivo,15999
8,"vivo T2x 5G (Glimmer Black, 128 GB)",5000,6,128,50,8.0,16.71,vivo,13999
9,"vivo T2x 5G (Aurora Gold, 128 GB)",5000,6,128,50,8.0,16.71,vivo,13999
11,"POCO M4 5G (Cool Blue, 64 GB)",5000,4,64,50,8.0,16.71,POCO,11999
13,"OnePlus Nord CE 2 Lite 5G (Blue Tide, 128 GB)",5000,6,128,64,,16.74,OnePlus,17967
14,"MOTOROLA G62 5G (Frosted Blue, 128 GB)",5000,6,128,50,16.0,16.64,MOTOROLA,15499
15,"MOTOROLA G62 5G (Midnight Gray, 128 GB)",5000,6,128,50,16.0,16.64,MOTOROLA,15499
16,"OnePlus Nord CE 2 Lite 5G (Black Dusk, 128 GB)",5000,6,128,64,,16.74,OnePlus,17889
17,"vivo T2 5G (Nitro Blaze, 128 GB)",4500,8,128,64,16.0,16.21,vivo,20999
18,"vivo T2 5G (Velocity Wave, 128 GB)",4500,8,128,64,16.0,16.21,vivo,20999
19,"vivo T2 5G (Nitro Blaze, 128 GB)",4500,6,128,64,16.0,16.21,vivo,18999
20,"vivo T2 5G (Velocity Wave, 128 GB)",4500,6,128,64,16.0,16.21,vivo,18999
21,"MOTOROLA g73 5G (Midnight Blue, 128 GB)",5000,8,128,50,16.0,16.51,MOTOROLA,16999
22,"POCO M4 5G (Power Black, 64 GB)",5000,4,64,50,8.0,16.71,POCO,11999
23,"SAMSUNG Galaxy F14 5G (GOAT Green, 128 GB)",6000,6,128,50,13.0,16.76,SAMSUNG,14490
24,"POCO X5 5G (Jaguar Black, 128 GB)",5000,6,128,48,13.0,16.94,POCO,15999
27,"POCO X5 5G (Wildcat Blue, 128 GB)",5000,6,128,48,13.0,16.94,POCO,15999
28,"MOTOROLA G62 5G (Midnight Gray, 128 GB)",5000,8,128,50,16.0,41.94,MOTOROLA,16499
29,"SAMSUNG Galaxy F14 5G (OMG Black, 128 GB)",6000,6,128,50,13.0,16.76,SAMSUNG,14490
30,"MOTOROLA G62 5G (Frosted Blue, 128 GB)",5000,8,128,50,16.0,41.94,MOTOROLA,16499
31,"SAMSUNG Galaxy F14 5G (B.A.E. Purple, 128 GB)",6000,6,128,50,13.0,16.76,SAMSUNG,14490
32,"MOTOROLA g73 5G (Lucent White, 128 GB)",5000,8,128,50,16.0,16.51,MOTOROLA,16999
33,"Infinix Note 12 Pro 5G (Snowfall, 128 GB)",5000,8,128,108,16.0,17.02,Infinix,15999
34,"Infinix Note 12 Pro 5G (Force Black, 128 GB)",5000,8,128,108,16.0,17.02,Infinix,15999
35,"SAMSUNG Galaxy F23 5G (Aqua Blue, 128 GB)",5000,6,128,50,8.0,16.76,SAMSUNG,16999
36,"SAMSUNG Galaxy F14 5G (GOAT Green, 128 GB)",6000,4,128,50,13.0,16.76,SAMSUNG,13490
37,"POCO X5 5G (Supernova Green, 128 GB)",5000,6,128,48,13.0,16.94,POCO,15999
39,"SAMSUNG Galaxy F14 5G (B.A.E. Purple, 128 GB)",6000,4,128,50,13.0,16.76,SAMSUNG,13490
40,"POCO X5 5G (Wildcat Blue, 256 GB)",5000,8,256,48,13.0,16.94,POCO,17999
41,"SAMSUNG Galaxy F14 5G (OMG Black, 128 GB)",6000,4,128,50,13.0,16.76,SAMSUNG,13490
42,"realme 10 Pro 5G (Nebula Blue, 128 GB)",5000,6,128,108,16.0,17.07,realme,18999
43,"realme 10 Pro 5G (Dark Matter, 128 GB)",5000,8,128,108,16.0,17.07,realme,19999
44,"POCO M4 5G (Yellow, 64 GB)",5000,4,64,50,8.0,16.71,POCO,11999
45,"realme 10 Pro 5G (Dark Matter, 128 GB)",5000,6,128,108,16.0,17.07,realme,18999
46,"realme 10 Pro 5G (Nebula Blue, 128 GB)",5000,8,128,108,16.0,17.07,realme,19999
47,"realme 10 Pro 5G (Hyperspace, 128 GB)",5000,8,128,108,16.0,17.07,realme,19999
48,"realme 10 Pro 5G (Hyperspace, 128 GB)",5000,6,128,108,16.0,17.07,realme,18999
49,"POCO M4 5G (Yellow, 128 GB)",5000,6,128,50,8.0,16.71,POCO,13999
50,"POCO X5 5G (Jaguar Black, 256 GB)",5000,8,256,48,13.0,16.94,POCO,17999
52,"REDMI Note 12 5G (Matte Black, 128 GB)",5000,6,128,48,13.0,16.94,REDMI,18999
53,"realme GT 2 (Steel Black, 128 GB)",5000,8,128,50,16.0,16.81,realme,23999
54,"realme GT 2 (Paper White, 128 GB)",5000,8,128,50,16.0,16.81,realme,23999
55,"REDMI Note 12 5G (Mystique Blue, 128 GB)",5000,6,128,48,13.0,16.94,REDMI,18999
56,"REDMI Note 12 5G (Frosted Green, 128 GB)",5000,6,128,48,13.0,16.94,REDMI,18999
57,"REDMI Note 12 5G (Matte Black, 128 GB)",5000,4,128,48,13.0,16.94,REDMI,16999
58,"REDMI Note 12 5G (Mystique Blue, 128 GB)",5000,4,128,48,13.0,16.94,REDMI,16999
59,"POCO X5 Pro 5G (Astral Black, 256 GB)",5000,8,256,108,16.0,16.94,POCO,23999
60,"Google Pixel 6a (Charcoal, 128 GB)",4410,6,128,122,8.0,15.6,Google,28999
61,"Google Pixel 6a (Chalk, 128 GB)",4410,6,128,122,8.0,15.6,Google,28999
62,"REDMI K50i 5G (Quick Silver, 128 GB)",5080,6,128,64,16.0,16.76,REDMI,27990
63,"Infinix HOT 20 5G (Blaster Green, 64 GB)",5000,4,64,50,8.0,16.76,Infinix,11499
64,"MOTOROLA Edge 40 (Eclipse Black, 256 GB)",4400,8,256,50,32.0,16.64,MOTOROLA,29999
65,"REDMI K50i 5G (Stealth Black, 256 GB)",5080,8,256,64,16.0,16.76,REDMI,23999
66,"Infinix HOT 20 5G (Space Blue, 64 GB)",5000,4,64,50,8.0,16.76,Infinix,11499
67,"POCO M4 Pro 5G (Yellow, 128 GB)",5000,8,128,50,16.0,16.76,POCO,15999
68,"Infinix HOT 20 5G (Racing Black, 64 GB)",5000,4,64,50,8.0,16.76,Infinix,11499
69,"OnePlus Nord 2T 5G (Gray Shadow, 128 GB)",4500,8,128,50,,17.02,OnePlus,28448
70,"REDMI Note 12 5G (Frosted Green, 128 GB)",5000,4,128,48,13.0,16.94,REDMI,16999
71,"realme 9i 5G (Soulful Blue, 128 GB)",5000,6,128,50,8.0,16.76,realme,16999
72,"OnePlus 11R 5G (Sonic Black, 128 GB)",5000,8,128,50,,17.02,OnePlus,39788
73,"Infinix Hot 20 5G (Blaster Green, 128 GB)",5000,6,128,50,8.0,16.76,Infinix,13499
74,"SAMSUNG Galaxy S21 FE 5G (Graphite, 128 GB)",4500,8,128,12,32.0,16.26,SAMSUNG,32999
75,"MOTOROLA g82 5G (Meterorite Grey, 128 GB)",5000,8,128,50,16.0,16.76,MOTOROLA,21499
76,"realme 9i 5G (Metallica Gold, 128 GB)",5000,6,128,50,8.0,16.76,realme,16999
77,"realme 9i 5G (Rocking Black, 128 GB)",5000,6,128,50,8.0,16.76,realme,16999
78,"realme 9i 5G (Soulful Blue, 64 GB)",5000,4,64,50,8.0,16.76,realme,14999
79,"SAMSUNG Galaxy S21 FE 5G (White, 128 GB)",4500,8,128,12,32.0,16.26,SAMSUNG,32999
80,"Infinix Hot 20 5G (Space Blue, 128 GB)",5000,6,128,50,8.0,16.76,Infinix,13499
81,"SAMSUNG Galaxy F23 5G (Forest Green, 128 GB)",5000,6,128,50,8.0,16.76,SAMSUNG,16999
82,"SAMSUNG Galaxy F23 5G (Copper Blush, 128 GB)",5000,6,128,50,8.0,16.76,SAMSUNG,16999
83,"OnePlus 11R 5G (Galactic Silver, 256 GB)",5000,16,256,50,,17.02,OnePlus,44875
84,"OnePlus 11R 5G (Sonic Black, 256 GB)",5000,16,256,50,,17.02,OnePlus,44237
85,"realme 9i 5G (Metallica Gold, 64 GB)",5000,4,64,50,8.0,16.76,realme,14999
86,"POCO M4 5G (Power Black, 128 GB)",5000,6,128,50,8.0,16.71,POCO,13999
87,"POCO M3 Pro 5G (Yellow, 128 GB)",5000,6,128,48,8.0,16.51,POCO,14499
88,"Infinix Zero 5G 2023 (Submariner Black, 128 GB)",5000,8,128,50,16.0,17.22,Infinix,15999
89,"POCO X5 Pro 5G (Yellow, 256 GB)",5000,8,256,108,16.0,16.94,POCO,23999
90,"POCO X4 Pro 5G (Yellow, 128 GB)",5000,6,128,64,16.0,16.94,POCO,17499
91,"MOTOROLA Edge 40 (Nebula Green, 256 GB)",4400,8,256,50,32.0,16.64,MOTOROLA,29999
92,"SAMSUNG Galaxy M33 5G (Deep Ocean Blue, 128 GB)",6000,6,128,50,,16.76,SAMSUNG,16899
93,"SAMSUNG Galaxy M33 5G (Mystique Green, 128 GB)",6000,8,128,50,,16.76,SAMSUNG,17217
94,"REDMI Note 12 Pro 5G (Stardust Purple, 128 GB)",5000,6,128,50,16.0,16.94,REDMI,23999
95,"SAMSUNG Galaxy S21 FE 5G (Lavender, 128 GB)",4500,8,128,12,32.0,16.26,SAMSUNG,32999
96,"SAMSUNG Galaxy M33 5G (Mystique Green, 128 GB)",6000,8,128,50,,16.76,SAMSUNG,17217
97,"REDMI Note 12 Pro 5G (Stardust Purple, 128 GB)",5000,6,128,50,16.0,16.94,REDMI,23999
98,"SAMSUNG Galaxy S21 FE 5G (Lavender, 128 GB)",4500,8,128,12,32.0,16.26,SAMSUNG,32999
99,"REDMI Note 12 Pro+ 5G (Obsidian Black, 256 GB)",4980,8,256,200,16.0,16.94,REDMI,29999
100,"REDMI Note 12 Pro 5G (Stardust Purple, 256 GB)",5000,8,256,50,16.0,16.94,REDMI,26999
101,"Infinix Hot 20 5G (Racing Black, 128 GB)",5000,6,128,50,8.0,16.76,Infinix,13499
102,"POCO X5 Pro 5G (Horizon Blue, 256 GB)",5000,8,256,108,16.0,16.94,POCO,23999
103,"vivo V27 5G (Noble Black, 128 GB)",4600,8,128,50,50.0,17.22,vivo,32999
104,"MOTOROLA g82 5G (White Lily, 128 GB)",5000,8,128,50,16.0,16.76,MOTOROLA,21499
105,"SAMSUNG Galaxy S22 Plus 5G (Phantom Black, 128 GB)",4500,8,128,50,10.0,16.76,SAMSUNG,49999
106,"Infinix Zero 5G 2023 (Pearly White, 128 GB)",5000,8,128,50,16.0,17.22,Infinix,15999
107,"POCO X5 5G (Supernova Green, 256 GB)",5000,8,256,48,13.0,16.94,POCO,17999
109,"vivo V27 5G (Magic Blue, 128 GB)",4600,8,128,50,50.0,17.22,vivo,32999
110,"REDMI Note 12 Pro 5G (Glacier Blue, 128 GB)",5000,6,128,50,16.0,16.94,REDMI,23999
111,"REDMI K50i 5G (Stealth Black, 128 GB)",5080,6,128,64,16.0,16.76,REDMI,25999
112,"REDMI Note 12 Pro 5G (Glacier Blue, 256 GB)",5000,8,256,50,16.0,16.94,REDMI,26999
113,"Infinix Zero 5G 2023 (Coral Orange, 128 GB)",5000,8,128,50,16.0,17.22,Infinix,15999
114,"REDMI 11 Prime 5G (Thunder Black, 64 GB)",5000,4,64,5,,16.71,REDMI,13896
115,"POCO X5 Pro 5G (Horizon Blue, 128 GB)",5000,6,128,108,16.0,16.94,POCO,21999
116,"REDMI Note 12 Pro 5G (Stardust Purple, 128 GB)",5000,8,128,50,16.0,16.94,REDMI,25999
117,"POCO F5 5G (Snowstorm White, 256 GB)",5000,8,256,64,16.0,16.94,POCO,29999
118,"REDMI 11 Prime 5G (Thunder Black, 128 GB)",5000,6,128,5,,16.71,REDMI,14905
119,"OnePlus Nord CE 2 Lite 5G (Blue Tide, 128 GB)",5000,8,128,64,,16.74,OnePlus,21974
120,"SAMSUNG Galaxy S20 FE 5G (Cloud Navy, 128 GB)",4500,8,128,12,,16.51,SAMSUNG,27974
121,"IQOO Z6 Lite 5G (With Charger) (Mystic Night, 128 GB)",5000,6,128,50,,16.97,IQOO,15995
122,"realme 9 Pro+ 5G (Midnight Black, 256 GB)",4500,8,256,50,16.0,16.26,realme,21999
123,"realme 9 Pro+ 5G (Aurora Green, 256 GB)",4500,8,256,50,16.0,16.26,realme,21999
124,"realme GT 2 (Steel Black, 256 GB)",5000,12,256,50,16.0,16.81,realme,32299
125,"IQOO Z6 Lite 5G (Without Charger) (Mystic Night, 128 GB)",5000,6,128,50,,16.97,IQOO,15217
126,"realme 9 5G SE (Azure Glow, 128 GB)",5000,8,128,48,16.0,16.76,realme,17999
127,"realme 9 5G SE (Starry Glow, 128 GB)",5000,8,128,48,16.0,16.76,realme,17999
128,"REDMI 11 Prime 5G (Meadow Green, 128 GB)",5000,6,128,5,,16.71,REDMI,15193
129,"realme 10 Pro+ 5G (Nebula Blue, 128 GB)",5000,8,128,108,16.0,17.02,realme,23999
130,"REDMI 11 Prime 5G (Thunder Black, 64 GB)",5000,4,64,5,,16.71,REDMI,13896
131,"REDMI 11 Prime 5G (Chrome Silver, 64 GB)",5000,4,64,5,,16.71,REDMI,13480
132,"REDMI Note 12 Pro 5G (Onyx Black, 128 GB)",5000,6,128,50,16.0,16.94,REDMI,23999
133,"POCO X4 Pro 5G (Yellow, 64 GB)",5000,6,64,64,16.0,16.94,POCO,16499
134,"SAMSUNG Galaxy M33 5G (Mystique Green, 128 GB)",6000,6,128,50,,16.74,SAMSUNG,15810
135,"realme 10 Pro+ 5G (Hyperspace, 128 GB)",5000,6,128,108,16.0,17.02,realme,22999
136,"realme 10 Pro+ 5G (Dark Matter, 128 GB)",5000,6,128,108,16.0,17.02,realme,22999
137,"realme 10 Pro+ 5G (Hyperspace, 128 GB)",5000,8,128,108,16.0,17.02,realme,23999
138,"realme 10 Pro+ 5G (Nebula Blue, 128 GB)",5000,6,128,108,16.0,17.02,realme,22999
139,"realme 10 Pro+ 5G (Dark Matter, 128 GB)",5000,8,128,108,16.0,17.02,realme,23999
140,"SAMSUNG Galaxy M33 5G (Emerald Brown, 128 GB)",6000,8,128,50,,16.76,SAMSUNG,17462
141,"REDMI Note 12 Pro+ 5G (Iceberg Blue, 256 GB)",4980,12,256,200,16.0,16.94,REDMI,32999
142,"REDMI K50i 5G (Stealth Black, 128 GB)",5080,6,128,64,16.0,16.76,REDMI,25999
143,"OnePlus Nord 2T 5G (Gray Shadow, 128 GB)",4500,8,128,50,,17.02,OnePlus,27700
144,"POCO X5 Pro 5G (Astral Black, 128 GB)",5000,6,128,108,16.0,16.94,POCO,21999
145,"realme 9 Pro+ 5G (Sunrise Blue, 256 GB)",4500,8,256,50,16.0,16.26,realme,21999
146,"REDMI Note 12 Pro+ 5G (Iceberg Blue, 256 GB)",4980,12,256,200,16.0,16.94,REDMI,32999
147,"REDMI 11 Prime 5G (Chrome Silver, 128 GB)",5000,6,128,5,,16.71,REDMI,15307
148,"realme 10 Pro+ 5G (Nebula Blue, 256 GB)",5000,8,256,108,16.0,17.02,realme,27999
149,"MOTOROLA Edge 30 (Meteor Grey, 128 GB)",4020,8,128,50,32.0,16.64,MOTOROLA,24999
150,"OnePlus 10R (Forest Green, 128 GB)",5000,8,128,50,,17.02,OnePlus,30990
151,"OnePlus 10R (Sierra Black, 128 GB)",5000,8,128,50,,17.02,OnePlus,30979
152,"MOTOROLA Edge 30 (Aurora Green, 128 GB)",4020,8,128,50,32.0,16.64,MOTOROLA,24999
153,"OPPO Reno8T 5G (Sunrise Gold, 128 GB)",4800,8,128,108,32.0,17.02,OPPO,29999
154,"REDMI Note 12 Pro 5G (Onyx Black, 128 GB)",5000,8,128,50,16.0,16.94,REDMI,25999
155,"POCO F5 5G (Carbon Black, 256 GB)",5000,8,256,64,16.0,16.94,POCO,29999
156,"MOTOROLA Edge 30 Fusion (Cosmic grey, 128 GB)",4400,8,128,50,32.0,16.64,MOTOROLA,34999
157,"POCO F5 5G (Electric Blue, 256 GB)",5000,8,256,64,16.0,16.94,POCO,29999
158,"REDMI 11 Prime 5G (Meadow Green, 128 GB)",5000,6,128,5,,16.71,REDMI,15193
159,"OPPO Reno8T 5G (Midnight Black, 128 GB)",4800,8,128,108,32.0,17.02,OPPO,29999
160,"IQOO Z6 Lite 5G (Without Charger) (Mystic Night, 64 GB)",5000,4,64,50,,16.97,IQOO,14295
161,"Google Pixel 7a (Sea, 128 GB)",4300,8,128,64,13.0,15.49,Google,43999
162,"Google Pixel 7a (Charcoal, 128 GB)",4300,8,128,64,13.0,15.49,Google,43999
163,"SAMSUNG Galaxy M33 5G (Deep Ocean Blue, 128 GB)",6000,6,128,50,,16.76,SAMSUNG,16182
164,"SAMSUNG Galaxy A14 5G (Dark Red, 128 GB)",5000,6,128,50,13.0,16.76,SAMSUNG,18999
165,"POCO M4 5G (Cool Blue, 128 GB)",5000,6,128,50,8.0,16.71,POCO,13999
166,"REDMI Note 12 Pro+ 5G (Arctic White, 256 GB)",4980,12,256,200,16.0,16.94,REDMI,32999
167,"SAMSUNG Galaxy A14 5G (Black, 128 GB)",5000,6,128,50,13.0,16.76,SAMSUNG,18999
168,"SAMSUNG Galaxy A14 5G (Light Green, 128 GB)",5000,6,128,50,13.0,16.76,SAMSUNG,18999
169,"REDMI Note 12 Pro 5G (Glacier Blue, 128 GB)",5000,8,128,50,16.0,16.94,REDMI,25999
170,"MOTOROLA Edge 30 Fusion (Solar Gold, 128 GB)",4400,8,128,50,32.0,16.64,MOTOROLA,34999
171,"OPPO A78 5G (Glowing Blue, 128 GB)",5000,8,128,13,,16.66,OPPO,18680
172,"OPPO A78 5G (Glowing Black, 128 GB)",5000,8,128,13,,16.66,OPPO,18570
173,"Google Pixel 7a (Snow, 128 GB)",4300,8,128,64,13.0,15.49,Google,43999
174,"SAMSUNG Galaxy M33 5G (Emerald Brown, 128 GB)",6000,8,128,50,,16.76,SAMSUNG,17462
175,"POCO F5 5G (Snowstorm White, 256 GB)",5000,12,256,64,16.0,16.94,POCO,32999
176,"SAMSUNG Galaxy M53 5G (Emerald Brown, 128 GB)",5000,8,128,108,,17.02,SAMSUNG,34999
177,"REDMI K50i 5G (Quick Silver, 256 GB)",5080,8,256,64,16.0,16.76,REDMI,23999
178,"SAMSUNG Galaxy A23 5G (Light Blue, 128 GB)",5000,6,128,50,8.0,16.76,SAMSUNG,21999
179,"SAMSUNG Galaxy A14 5G (Dark Red, 64 GB)",5000,4,64,50,13.0,16.76,SAMSUNG,16499
180,"Nothing Phone (1) (White, 256 GB)",4500,8,256,50,16.0,16.64,Nothing,30999
181,"Nothing Phone (1) (Black, 256 GB)",4500,8,256,50,16.0,16.64,Nothing,30499
183,"SAMSUNG Galaxy S21 FE 5G (Olive Green, 128 GB)",4500,8,128,12,32.0,16.26,SAMSUNG,32999
184,"POCO M4 Pro 5G (Cool Blue, 128 GB)",5000,6,128,50,16.0,16.76,POCO,16999
185,"REDMI K50i 5G (Phantom Blue, 256 GB)",5080,8,256,64,16.0,16.76,REDMI,29990
186,"SAMSUNG Galaxy A23 5G (Orange, 128 GB)",5000,6,128,50,8.0,16.76,SAMSUNG,21999
187,"Nothing Phone (1) (Black, 128 GB)",4500,8,128,50,16.0,16.64,Nothing,29499
188,"IQOO Z6 Lite 5G (With Charger) (Stellar Green, 128 GB)",5000,6,128,50,,16.97,IQOO,16495
189,"Infinix Zero 5G 2023 TURBO (Submariner Black, 256 GB)",5000,8,256,50,16.0,17.22,Infinix,17999
190,"Infinix Zero 5G 2023 TURBO (Pearly White, 256 GB)",5000,8,256,50,16.0,17.22,Infinix,17999
191,"vivo V23 5G (Stardust Black, 256 GB)",4200,12,256,64,50.0,16.36,vivo,28397
192,"Infinix Zero 5G 2023 TURBO (Coral Orange, 256 GB)",5000,8,256,50,16.0,17.22,Infinix,17999
193,"REDMI Note 11S (Space Black, 64 GB)",5000,6,64,108,,16.33,REDMI,14899
194,"vivo Y56 5G (Black Engine, 128 GB)",5000,8,128,50,16.0,16.71,vivo,19999
195,"vivo V27 5G (Magic Blue, 256 GB)",4600,12,256,50,50.0,17.22,vivo,36999
196,"POCO X4 Pro 5G (Laser Black, 128 GB)",5000,8,128,64,16.0,16.94,POCO,19499
197,"SAMSUNG Galaxy S20 FE 5G (Cloud Lavender, 128 GB)",4500,8,128,32,,16.51,SAMSUNG,28929
199,"Infinix Note 12 5G (Snowfall, 64 GB)",5000,6,64,50,16.0,17.02,Infinix,14999
201,"SAMSUNG Galaxy A34 5G (Awesome Graphite, 256 GB)",5000,8,256,48,13.0,16.76,SAMSUNG,32999
202,"vivo Y56 5G (Orange Shimmer, 128 GB)",5000,8,128,50,16.0,16.71,vivo,19999
203,"SAMSUNG Galaxy F23 5G (Forest Green, 128 GB)",5000,4,128,50,8.0,16.76,SAMSUNG,15999
204,"POCO M4 Pro 5G (Cool Blue, 128 GB)",5000,8,128,50,16.0,16.76,POCO,15999
205,"vivo V25 5G (Elegant Black, 256 GB)",4500,12,256,64,50.0,16.36,vivo,28749
206,"vivo Y56 5G (Black Engine, 128 GB)",5000,4,128,50,16.0,16.71,vivo,17999
207,"MOTOROLA Edge 40 (Lunar Blue, 256 GB)",4400,8,256,50,32.0,16.64,MOTOROLA,29999
208,"POCO F5 5G (Carbon Black, 256 GB)",5000,12,256,64,16.0,16.94,POCO,32999
209,"IQOO Z6 Lite 5G (Without Charger) (Stellar Green, 128 GB)",5000,6,128,50,,16.97,IQOO,15322
210,"OnePlus Nord 2T 5G (Jade Fog, 128 GB)",4500,8,128,50,,17.02,OnePlus,28388
211,"vivo V25 Pro 5G (Sailing Blue, 128 GB)",4830,8,128,64,32.0,16.66,vivo,35999
212,"IQOO Z6 Lite 5G (Without Charger) (Stellar Green, 64 GB)",5000,4,64,50,,16.97,IQOO,15749
213,"POCO X4 Pro 5G (Laser Blue, 128 GB)",5000,8,128,64,16.0,16.94,POCO,19499
214,"OnePlus 10R (Forest Green, 256 GB)",5000,12,256,50,,17.02,OnePlus,35480
215,"SAMSUNG Galaxy A14 5G (Dark Red, 128 GB)",5000,8,128,50,13.0,16.76,SAMSUNG,20999
216,"OnePlus 10R (Forest Green, 256 GB)",5000,12,256,50,,17.02,OnePlus,35480
217,"Google Pixel 7 (Snow, 128 GB)",4270,8,128,50,108.0,16.0,Google,53999
218,"SAMSUNG Galaxy A23 5G (Silver, 128 GB)",5000,6,128,50,8.0,16.76,SAMSUNG,21999
219,"MOTOROLA Edge 30 Ultra (Interstellar Black, 256 GB)",4610,12,256,200,60.0,16.94,MOTOROLA,49999
220,"Infinix Note 12 5G (Force Black, 64 GB)",5000,6,64,50,16.0,17.02,Infinix,14999
221,"Google Pixel 7 (Obsidian, 128 GB)",4270,8,128,50,108.0,16.0,Google,53999
222,"vivo Y100 5G (Pacific Blue, 128 GB)",4500,8,128,64,16.0,16.21,vivo,23999
223,"vivo Y100 5G (Twilight Gold, 128 GB)",4500,8,128,64,16.0,16.21,vivo,23999
224,"REDMI Note 12 Pro+ 5G (Obsidian Black, 256 GB)",4980,12,256,200,16.0,16.94,REDMI,32999
225,"POCO F5 5G (Electric Blue, 256 GB)",5000,12,256,64,16.0,16.94,POCO,32999
226,"SAMSUNG Galaxy A34 5G (Awesome Graphite, 128 GB)",5000,8,128,48,13.0,16.76,SAMSUNG,30999
227,"vivo Y56 5G (Orange Shimmer, 128 GB)",5000,4,128,50,16.0,16.71,vivo,17999
228,"vivo V25 Pro 5G (Pure Black, 128 GB)",4830,8,128,64,32.0,16.66,vivo,35999
230,"REDMI Note 12 Pro 5G (Onyx Black, 256 GB)",5000,8,256,50,16.0,16.94,REDMI,26999
231,"SAMSUNG Galaxy A34 5G (Awesome Silver, 128 GB)",5000,8,128,48,13.0,16.76,SAMSUNG,30999
232,"SAMSUNG Galaxy A34 5G (Awesome Violet, 256 GB)",5000,8,256,48,13.0,16.76,SAMSUNG,32999
233,"Google Pixel 7 (Lemongrass, 128 GB)",4270,8,128,50,108.0,16.0,Google,53999
234,"SAMSUNG Galaxy A14 5G (Light Green, 128 GB)",5000,8,128,50,13.0,16.76,SAMSUNG,20999
235,"SAMSUNG Galaxy A14 5G (Light Green, 64 GB)",5000,4,64,50,13.0,16.76,SAMSUNG,16499
236,"POCO X4 Pro 5G (Yellow, 128 GB)",5000,8,128,64,16.0,16.94,POCO,19499
237,"SAMSUNG Galaxy A14 5G (Black, 128 GB)",5000,8,128,50,13.0,16.76,SAMSUNG,20999
239,"SAMSUNG GALAXY M13 5G (Aqua Green, 64 GB)",5000,4,64,50,,16.51,SAMSUNG,12935
240,"SAMSUNG GALAXY M13 5G (Aqua Green, 64 GB)",5000,4,64,50,,16.51,SAMSUNG,12935
241,"OnePlus Nord (Gray Onyx, 128 GB)",4115,8,128,48,32.0,16.36,OnePlus,25990
242,"SAMSUNG Galaxy F23 5G (Aqua Blue, 128 GB)",5000,4,128,50,8.0,16.76,SAMSUNG,15999
243,"OnePlus Nord (Blue Marble, 128 GB)",4115,8,128,48,32.0,16.36,OnePlus,25990
245,"SAMSUNG Galaxy A54 5G (Awesome Graphite, 256 GB)",5000,8,256,50,32.0,16.26,SAMSUNG,40999
246,"vivo V25 Pro 5G (Pure Black, 256 GB)",4830,12,256,64,32.0,16.66,vivo,29778
247,"vivo T1 Pro 5G (Turbo Black, 128 GB)",4700,6,128,64,16.0,16.36,vivo,23999
248,"OnePlus 10R 5G (Sierra Black, 256 GB)",4500,12,256,50,,17.02,OnePlus,35490
249,"vivo V23 5G (Sunshine Gold, 128 GB)",4200,8,128,64,50.0,16.36,vivo,31989
250,"SAMSUNG Galaxy A14 5G (Light Green, 128 GB)",5000,8,128,50,13.0,16.76,SAMSUNG,20999
251,"vivo X90 (Asteroid Black, 256 GB)",4810,12,256,50,32.0,17.22,vivo,63999
252,"IQOO Z6 Lite 5G (Without Charger) (Stellar Green, 128 GB)",5000,6,128,50,,16.97,IQOO,15990
253,"SAMSUNG Galaxy M53 5G (Emerald Brown, 128 GB)",5000,6,128,108,,17.02,SAMSUNG,24385
254,"realme 9i 5G (Golden, 128 GB)",5000,6,128,50,8.0,16.76,realme,18499
255,"POCO M4 Pro 5G (Yellow, 64 GB)",5000,4,64,50,16.0,16.76,POCO,14999
256,"SAMSUNG Galaxy A34 5G (Awesome Lime, 256 GB)",5000,8,256,48,13.0,16.76,SAMSUNG,32999
257,"OnePlus Nord (Gray Onyx, 256 GB)",4115,12,256,48,32.0,16.36,OnePlus,26990
259,"OnePlus 10R 5G (Forest Green, 256 GB)",5000,12,256,50,,17.02,OnePlus,35489
260,"vivo V25 5G (Surfing Blue, 128 GB)",4500,8,128,64,50.0,16.36,vivo,24985
261,"IQOO Neo 7 5G (Frost Blue, 256 GB)",5000,12,256,64,,17.22,IQOO,34592
262,"IQOO Neo 7 5G (Interstellar Black, 128 GB)",5000,8,128,64,,17.22,IQOO,29990
263,"IQOO Neo 7 5G (Frost Blue, 128 GB)",5000,8,128,64,,17.22,IQOO,30999
264,"vivo V25 5G (Surfing Blue, 256 GB)",4500,12,256,64,50.0,16.36,vivo,31999
265,"SAMSUNG Galaxy F23 5G (Copper Blush, 128 GB)",5000,4,128,50,8.0,16.76,SAMSUNG,15999
266,"SAMSUNG Galaxy A33 (Awesome Blue, 128 GB)",5000,8,128,48,13.0,16.26,SAMSUNG,27999
267,"REDMI Note 11T 5G (Aquamarine Blue, 128 GB)",5000,6,128,50,,16.76,REDMI,18500
268,"SAMSUNG Galaxy M33 5G (Deep Ocean Blue, 128 GB)",6000,8,128,50,,16.76,SAMSUNG,17599
269,"vivo Y100A (Twilight Gold, 256 GB)",4500,8,256,64,16.0,16.21,vivo,25999
270,"vivo Y100A (Metal Black, 256 GB)",4500,8,256,64,16.0,16.21,vivo,25999
271,"vivo Y565G (Orange Shimmer, 128 GB)",5000,8,128,50,16.0,16.71,vivo,19979
272,"OnePlus 10R 5G (Forest Green, 256 GB)",5000,12,256,50,,17.02,OnePlus,35999
273,"realme 9 5G (Meteor Black, 64 GB)",5000,4,64,48,16.0,16.51,realme,13499
274,"REDMI Note 11S (Polar White, 128 GB)",5000,6,128,108,,16.33,REDMI,15995
275,"vivo X90 (Breeze Blue, 256 GB)",4810,8,256,50,32.0,17.22,vivo,59999
276,"realme Narzo 50 Pro 5G (Hyper Blue, 128 GB)",5000,8,128,48,,16.26,realme,21990
277,"realme GT Master Edition (Luna White, 256 GB)",4300,8,256,64,32.0,16.33,realme,24999
278,"IQOO Neo 7 5G (Interstellar Black, 256 GB)",5000,12,256,64,,17.22,IQOO,34657
279,"OnePlus 11 5G (Eternal Green, 128 GB)",5000,8,128,50,,17.02,OnePlus,54999
280,"vivo T1 Pro 5G (Turbo Cyan, 128 GB)",4700,6,128,64,16.0,16.36,vivo,23999
281,"Google Pixel 7 Pro (Obsidian, 128 GB)",4926,12,128,50,108.0,17.02,Google,75999
282,"vivo X90 (Breeze Blue, 256 GB)",4810,12,256,50,32.0,17.22,vivo,63999
283,"Xiaomi 11Lite NE (Vinyl Black, 128 GB)",4250,6,128,64,20.0,16.64,Xiaomi,21990
284,"realme GT Master Edition (Daybreak Blue, 256 GB)",4300,8,256,64,32.0,16.33,realme,24999
285,"Xiaomi 11i Hypercharge 5G (Stealth Black, 128 GB)",4500,6,128,108,16.0,16.94,Xiaomi,23999
286,"vivo Y100 5G (Metal Black, 128 GB)",4500,8,128,64,16.0,16.21,vivo,25499
287,"OPPO F21s Pro 5G (Starlight Black, 128 GB)",4500,8,128,64,16.0,16.33,OPPO,23799
288,"vivo T1 Pro 5G (Turbo Black, 128 GB)",4700,8,128,64,16.0,16.36,vivo,24999
289,"vivo T1 Pro 5G (Turbo Cyan, 128 GB)",4700,6,128,64,16.0,16.36,vivo,23999
290,"realme GT Master Edition (Daybreak Blue, 256 GB)",4300,8,256,64,32.0,16.33,realme,24999
291,"Xiaomi 11Lite NE (Vinyl Black, 128 GB)",4250,6,128,64,20.0,16.64,Xiaomi,21990
292,"Xiaomi 11i Hypercharge 5G (Stealth Black, 128 GB)",4500,6,128,108,16.0,16.94,Xiaomi,23999
293,"OPPO F21s Pro 5G (Starlight Black, 128 GB)",4500,8,128,64,16.0,16.33,OPPO,23799
294,"Infinix Zero Ultra (Genesis Noir, 256 GB)",4500,8,256,200,32.0,17.27,Infinix,29999
295,"vivo X90 (Asteroid Black, 256 GB)",4810,8,256,50,32.0,17.22,vivo,59999
296,"Google Pixel 7 Pro (Snow, 128 GB)",4926,12,128,50,108.0,17.02,Google,75999
297,"Google Pixel 7 Pro (Hazel, 128 GB)",4926,12,128,50,108.0,17.02,Google,75999
298,"Xiaomi 11Lite NE (Diamond Dazzle, 128 GB)",4250,8,128,64,20.0,16.64,Xiaomi,25990
299,"SAMSUNG GALAXY M13 5G (Aqua Green, 128 GB)",5000,6,128,50,,16.51,SAMSUNG,15699
300,"Infinix Zero Ultra (Coslight Silver, 256 GB)",4500,8,256,200,32.0,17.27,Infinix,29999
302,"vivo V23e 5G (Sunshine Gold, 128 GB)",4050,8,128,50,44.0,16.36,vivo,24990
303,"REDMI Note 11T 5G (Matte black, 128 GB)",5000,8,128,50,,16.76,REDMI,18999
305,"realme GT Master Edition (Voyager Grey, 128 GB)",4300,8,128,64,32.0,16.33,realme,22999
307,"realme GT 2 (Paper White, 256 GB)",5000,12,256,50,16.0,16.81,realme,33999
308,"SAMSUNG GALAXY M13 5G (Midnight Blue, 64 GB)",5000,4,64,50,,16.51,SAMSUNG,12838
309,"OPPO F21s Pro 5G (Dawnlight Gold, 128 GB)",4500,8,128,64,16.0,16.33,OPPO,26495
311,"REDMI Note 11T 5G (Matte black, 128 GB)",5000,8,128,50,,16.76,REDMI,18999
312,"OnePlus Nord CE 2 5G (Gray Mirror, 128 GB)",4500,8,128,50,,16.33,OnePlus,24999
314,"OnePlus Nord (Gray Onyx, 64 GB)",4115,6,64,48,32.0,16.36,OnePlus,22690
315,"OnePlus 10 Pro 5G (Emerald Forest, 256 GB)",5000,12,256,48,,17.02,OnePlus,54830
316,"POCO M4 Pro 5G (Yellow, 128 GB)",5000,6,128,50,16.0,16.76,POCO,16999
318,"OPPO A 78 5G (Glowing Black, 128 GB)",5000,8,128,50,,16.66,OPPO,18989
319,"MOTOROLA Edge 30 Fusion (Viva Magenta, 128 GB)",4400,8,128,50,32.0,16.64,MOTOROLA,37999
320,"SAMSUNG Galaxy M33 5G (Emerald Brown, 128 GB)",6000,6,128,50,,16.74,SAMSUNG,16999
321,"SAMSUNG Galaxy F42 5G (Matte Aqua, 128 GB)",5000,8,128,64,8.0,16.76,SAMSUNG,22999
323,"REDMI Note 11T 5G (Stardust White, 128 GB)",5000,8,128,50,,16.76,REDMI,20996
325,"OnePlus Nord CE 5G (Charcoal Ink, 128 GB)",4500,6,128,64,,16.33,OnePlus,22979
328,"SAMSUNG Galaxy M33 5G (Deep Ocean Blue, 128 GB)",6000,8,128,50,,16.76,SAMSUNG,17390
329,"SAMSUNG Galaxy S23 Ultra 5G (Green, 256 GB)",5000,12,256,200,12.0,17.27,SAMSUNG,124999
330,"SAMSUNG Galaxy Z Fold4 5G (Graygreen, 512 GB)",4400,12,512,50,10.0,19.3,SAMSUNG,164989
331,"SAMSUNG GALAXY M13 5G (Midnight Blue, 128 GB)",5000,6,128,50,,16.51,SAMSUNG,15480
332,"vivo X90 Pro (Legendary Black, 256 GB)",4870,12,256,50,32.0,17.22,vivo,84999
333,"vivo V25 Pro 5G (sailing blue, 128 GB)",4830,8,128,64,32.0,16.66,vivo,28950
334,"IQOO Neo 7 (Frost Blue, 256 GB)",5000,12,256,64,16.0,17.22,IQOO,33990
335,"SAMSUNG Galaxy S22 Plus 5G (Green, 128 GB)",4500,8,128,50,10.0,16.76,SAMSUNG,49999
336,"SAMSUNG Galaxy S22 Plus 5G (Green, 128 GB)",4500,8,128,50,10.0,16.76,SAMSUNG,49999
337,"OPPO Reno8 5G (Shimmer Gold, 128 GB)",4500,8,128,50,32.0,16.33,OPPO,29999
338,"OPPO Reno8 5G (Shimmer Black, 128 GB)",4500,8,128,50,32.0,16.33,OPPO,29999
339,"OnePlus 11 5G (Eternal Green, 256 GB)",5000,16,256,50,,17.02,OnePlus,61899
340,"SAMSUNG Galaxy A34 5G (Awesome Lime, 128 GB)",5000,8,128,48,13.0,16.76,SAMSUNG,30999
341,"SAMSUNG Galaxy A53 (Awesome Blue, 128 GB)",5000,6,128,64,32.0,16.51,SAMSUNG,29999
342,"REDMI Note 10T 5G (Mint Green, 128 GB)",5000,6,128,48,8.0,16.66,REDMI,16999
343,"vivo Y565G (Black Engine, 128 GB)",5000,8,128,50,16.0,16.71,vivo,19988
345,"OnePlus Nord CE 3 Lite 5G (Chromatic Gray, 128 GB)",5000,8,128,108,,17.07,OnePlus,22990
346,"OnePlus Nord 2 5G (PAC-MAN, 256 GB)",4500,12,256,50,,16.33,OnePlus,34499
347,"realme Narzo 50 Pro 5G (Hyper Blue, 128 GB)",5000,6,128,48,,16.26,realme,19990
348,"vivo Y100A (Pacific Blue, 256 GB)",4500,8,256,64,16.0,16.21,vivo,26499
350,"SAMSUNG GALAXY M13 5G (?Stardust Brown, 128 GB)",5000,6,128,50,,16.51,SAMSUNG,14990
351,"MOTOROLA Edge 20 5G (Frosted Emerald, 128 GB)",4000,8,128,108,32.0,17.02,MOTOROLA,27999
352,"REDMI Note 10T 5G (Chromium White, 128 GB)",5000,6,128,48,8.0,16.66,REDMI,16999
353,"OnePlus 10R 5G (Sierra Black, 256 GB)",5000,12,256,50,,17.02,OnePlus,35480
354,"Tecno Phantom X2 5G (Stardust Grey, 256 GB)",5160,8,256,64,,17.27,Tecno,36999
355,"Moto G71 5G (Arctic Blue, 128 GB)",5000,6,128,50,16.0,16.26,Moto,18890
356,"OnePlus 8T 5G (Lunar Silver, 128 GB)",4500,8,128,48,,16.64,OnePlus,30990
357,"REDMI Note 10T 5G (Mint Green, 64 GB)",5000,4,64,48,8.0,16.66,REDMI,14999
358,"MOTOROLA edge 30 (Aurora Green, 128 GB)",4020,6,128,50,32.0,16.64,MOTOROLA,24999
359,"POCO X4 Pro 5G (Laser Black, 128 GB)",5000,6,128,64,16.0,16.94,POCO,17499
360,"SAMSUNG Galaxy S23 Plus 5G (Cream, 256 GB)",4700,8,256,50,12.0,16.76,SAMSUNG,94999
361,"POCO F3 GT 5G (Predator Black, 128 GB)",5065,8,128,64,16.0,16.94,POCO,34999
363,"OnePlus Nord CE 2 5G (Gray Mirror, 128 GB)",4500,6,128,50,,16.33,OnePlus,23999
364,"realme 8 5G (Supersonic Blue, 128 GB)",5000,4,128,48,16.0,16.51,realme,16499
365,"Xiaomi 12 Pro 5G (Couture Blue, 256 GB)",4600,12,256,50,32.0,17.09,Xiaomi,47499
366,"Xiaomi 11i 5G (Purple Mist, 128 GB)",5160,8,128,108,16.0,16.94,Xiaomi,26999
367,"SAMSUNG Galaxy A54 5G (Awesome Lime, 128 GB)",5000,8,128,50,32.0,16.26,SAMSUNG,38999
368,"SAMSUNG Galaxy S20 FE 5G (Cloud Navy, 128 GB)",4500,8,128,12,,16.51,SAMSUNG,27880
369,"SAMSUNG GALAXY M13 5G (Stardust Brown, 64 GB)",5000,4,64,50,,16.51,SAMSUNG,12938
370,"REDMI 11 Prime 5G (Meadow Green, 64 GB)",5000,4,64,5,,16.71,REDMI,13999
371,"vivo V25 Pro 5G (Sailing Blue, 256 GB)",4830,12,256,64,32.0,16.66,vivo,33469
372,"vivo V21 5G (Dusk Blue, 128 GB)",4000,8,128,64,44.0,16.36,vivo,27990
373,"OnePlus 9 Pro 5G (Stellar Black, 128 GB)",4500,8,128,48,,17.02,OnePlus,44990
374,"vivo V27 Pro 5G (Magic Blue, 256 GB)",4600,12,256,50,50.0,17.22,vivo,42999
375,"Mi 11X (Cosmic Black, 128 GB)",4520,6,128,48,,16.94,Mi,23999
376,"OPPO K10 5G (Ocean Blue, 128 GB)",5000,8,128,48,8.0,16.66,OPPO,17499
377,"MOTOROLA edge 30 (Meteor Grey, 128 GB)",4020,6,128,50,32.0,16.64,MOTOROLA,24999
378,"SAMSUNG Galaxy A73 5G (Awesome Gray, 128 GB)",5000,8,128,108,32.0,17.02,SAMSUNG,41999
379,"realme GT 5G (Dashing Silver, 128 GB)",4500,8,128,64,16.0,16.33,realme,27999
380,"Xiaomi 11i Hypercharge 5G (Purple Mist, 128 GB)",4500,6,128,108,16.0,16.94,Xiaomi,23999
381,"SAMSUNG Galaxy A33 (Awesome Black, 128 GB)",5000,8,128,48,13.0,16.26,SAMSUNG,27990
382,"OnePlus 10T 5G (Moonstone Black, 256 GB)",4800,12,256,50,,17.02,OnePlus,54999
383,"Infinix Zero 5G (Skylight Orange, 128 GB)",5000,8,128,48,16.0,17.22,Infinix,19999
384,"vivo V27 Pro 5G (Magic Blue, 256 GB)",4600,12,256,50,50.0,17.22,vivo,42999
385,"Mi 11X (Cosmic Black, 128 GB)",4520,6,128,48,,16.94,Mi,23999
386,"SAMSUNG Galaxy A73 5G (Awesome Gray, 128 GB)",5000,8,128,108,32.0,17.02,SAMSUNG,41999
387,"OPPO K10 5G (Ocean Blue, 128 GB)",5000,8,128,48,8.0,16.66,OPPO,17499
388,"SAMSUNG Galaxy A33 (Awesome Black, 128 GB)",5000,8,128,48,13.0,16.26,SAMSUNG,27990
389,"SAMSUNG Galaxy A73 5G (Awesome White, 128 GB)",5000,8,128,108,32.0,17.02,SAMSUNG,41999
390,"realme GT 5G (Dashing Silver, 128 GB)",4500,8,128,64,16.0,16.33,realme,27999
391,"OnePlus 10T 5G (Moonstone Black, 256 GB)",4800,12,256,50,,17.02,OnePlus,54999
392,"IQOO 9T 5G (LEGEND, 128 GB)",4700,8,128,50,,17.22,IQOO,49499
393,"OnePlus 10 Pro 5G (Volcanic Black, 128 GB)",5000,8,128,48,,17.02,OnePlus,50999
394,"OPPO K10 5G (Midnight Black, 128 GB)",5000,8,128,48,8.0,16.66,OPPO,17499
395,"Infinix Zero 5G (Skylight Orange, 128 GB)",5000,8,128,48,16.0,17.22,Infinix,19999
396,"REDMI Note 11T 5G (Matte black, 128 GB)",5000,6,128,50,,16.76,REDMI,17490
397,"vivo Y565G (Black Engine, 128 GB)",5000,8,128,50,16.0,16.71,vivo,24999
398,"Tecno Phantom X2 Pro (Mars Orange, 256 GB)",5160,12,256,50,32.0,17.27,Tecno,44997
399,"Tecno Spark 10 5G (Meta Black, 128 GB)",5000,8,128,50,,16.76,Tecno,15799
400,"Tecno Pova Neo 5G (Sapphire Black, 128 GB)",6000,4,128,50,8.0,17.27,Tecno,15499
401,"vivo V27 Pro 5G (Noble Black, 256 GB)",4600,8,256,50,50.0,17.22,vivo,39999
402,"SAMSUNG Galaxy A54 5G (Awesome Graphite, 128 GB)",5000,8,128,50,32.0,16.26,SAMSUNG,35990
404,"OPPO A785G (Blue, 128 GB)",5000,8,128,50,8.0,16.66,OPPO,19449
405,"REDMI Note 11T 5G (Stardust White, 128 GB)",5000,8,128,50,,16.76,REDMI,20000
406,"SAMSUNG Galaxy S23 Plus 5G (Phantom Black, 512 GB)",4700,8,512,50,12.0,16.76,SAMSUNG,104999
407,"Tecno Pova Neo 5G (Sprint Blue, 128 GB)",6000,4,128,50,8.0,17.27,Tecno,15499
408,"Tecno Spark 10 5G (Meta Blue, 128 GB)",5000,8,128,50,,16.76,Tecno,15999
409,"Tecno Spark 10 5G (Meta White, 128 GB)",5000,8,128,50,,16.76,Tecno,15999
410,"REDMI Note 11S (Polar White, 128 GB)",5000,6,128,108,,16.33,REDMI,20999
411,"SAMSUNG Galaxy A23 5G (Silver, 128 GB)",5000,8,128,50,8.0,16.76,SAMSUNG,23999
412,"Xiaomi 11i Hypercharge 5G (Purple Mist, 128 GB)",4500,6,128,108,16.0,16.94,Xiaomi,23999
413,"SAMSUNG Galaxy A53 (Awesome Blue, 256 GB)",5000,8,256,64,32.0,16.51,SAMSUNG,35990
414,"ASUS ROG 5s (Phantom Black, 256 GB)",6000,12,256,64,24.0,17.22,ASUS,57999
416,"Tecno Phantom X2 Pro (Stardust Grey, 256 GB)",5160,12,256,50,32.0,17.27,Tecno,44999
417,"Moto G71 5G (Neptune Green, 128 GB)",5000,6,128,50,16.0,16.26,Moto,18890
418,"vivo V27 Pro 5G (Magic Blue, 256 GB)",4600,8,256,50,50.0,17.22,vivo,39999
419,"vivo V27 Pro 5G (Magic Blue, 128 GB)",4600,8,128,50,50.0,17.22,vivo,37999
420,"vivo V27 Pro 5G (Noble Black, 128 GB)",4600,8,128,50,50.0,17.22,vivo,37999
422,"realme narzo 50 5G (Hyper Black, 128 GB)",5000,6,128,48,,16.76,realme,19899
423,"POCO F4 5G (Night Black, 128 GB)",4500,8,128,64,20.0,16.94,POCO,27999
424,"Xiaomi 11Lite NE (Jazz Blue, 128 GB)",4250,8,128,64,20.0,16.64,Xiaomi,24990
425,"HTC U20H 5G (Green, 256 GB)",5000,8,256,48,8.0,17.32,HTC,16999
426,"Xiaomi 11Lite NE (Jazz Blue, 128 GB)",4250,6,128,64,20.0,16.64,Xiaomi,24450
427,"SAMSUNG Galaxy S23 Plus 5G (Phantom Black, 256 GB)",4700,8,256,50,12.0,16.76,SAMSUNG,94999
428,"realme 9 Pro 5G (Midnight Black, 128 GB)",5000,6,128,64,16.0,16.76,realme,18999
429,"MOTOROLA edge 30 (Meteor Grey, 128 GB)",4020,6,128,50,32.0,16.64,MOTOROLA,24999
431,"IQOO Z6 Lite 5G (Stellar Green, 64 GB)",5000,4,64,50,,16.97,IQOO,13799
432,"Xiaomi 12 Pro 5G (Opera Mauve, 256 GB)",4600,12,256,50,32.0,17.09,Xiaomi,47999
433,"Xiaomi 12 Pro 5G (Noir Black, 256 GB)",4600,12,256,50,32.0,17.09,Xiaomi,46990
434,"POCO X4 Pro 5G (Laser Blue, 64 GB)",5000,6,64,64,16.0,16.94,POCO,16499
436,"vivo V25 5G (Elegant Black, 128 GB)",4500,8,128,64,50.0,16.36,vivo,25487
437,"Mi 10T (Lunar Silver, 128 GB)",5000,8,128,64,20.0,16.94,Mi,24996
438,"SAMSUNG Galaxy A54 5G (Awesome Lime, 256 GB)",5000,8,256,50,32.0,16.26,SAMSUNG,40999
439,"SAMSUNG Galaxy A53 (Awesome Peach, 128 GB)",5000,6,128,64,32.0,16.51,SAMSUNG,31500
440,"SAMSUNG Galaxy A53 (Awesome Black, 128 GB)",5000,8,128,64,32.0,16.51,SAMSUNG,33499
442,"vivo X70 Pro (Cosmic Black, 128 GB)",4450,8,128,50,32.0,16.66,vivo,41990
443,"vivo X70 Pro (Cosmic Black, 256 GB)",4450,12,256,50,32.0,16.66,vivo,45999
444,"realme GT NEO 2 (NEO Black, 256 GB)",5000,12,256,64,16.0,16.81,realme,35999
445,"realme GT NEO 2 (NEO Blue, 128 GB)",5000,8,128,64,16.0,16.81,realme,31999
447,"OnePlus Nord CE 2 5G (Bahama Blue, 128 GB)",4500,8,128,64,,16.33,OnePlus,24999
448,"Xiaomi 11T Pro 5G Hyperphone (Meteorite Black, 128 GB)",5000,8,128,108,,16.94,Xiaomi,31990
450,"vivo V21 5G (Sunset Dazzle, 128 GB)",4000,8,128,64,44.0,16.36,vivo,27990
451,"SAMSUNG M32 5G (Sky blue, 128 GB)",5000,6,128,48,13.0,16.51,SAMSUNG,18499
454,"Mi 11X (Cosmic Black, 128 GB)",4520,8,128,48,20.0,16.94,Mi,34499
456,"OnePlus Nord CE 2 5G (Bahama Blue, 128 GB)",4500,8,128,64,,16.33,OnePlus,24999
459,"REDMI Note 11T 5G (Matte black, 128 GB)",5000,6,128,50,,16.76,REDMI,17990
460,"OnePlus Nord (Blue Marble, 256 GB)",4115,12,256,48,32.0,16.36,OnePlus,26990
461,"vivo Y100 A 5G (Twilight Gold, 256 GB)",4500,8,256,64,16.0,16.21,vivo,26990
462,"vivo X60 (Midnight Black, 128 GB)",4300,8,128,48,32.0,16.66,vivo,36990
463,"realme GT NEO 2 (NEO Blue, 256 GB)",5000,12,256,64,16.0,16.81,realme,35999
464,"SAMSUNG Galaxy A33 (Awesome Peach, 128 GB)",5000,8,128,48,13.0,16.26,SAMSUNG,27990
468,"IQOO Z6 Lite 5G (Mystic Night, 128 GB)",5000,6,128,50,,16.97,IQOO,15999
469,"MOTOROLA Edge 30 Ultra (Starlight White, 128 GB)",4610,8,128,200,60.0,16.94,MOTOROLA,44999
470,"Mi 11X Pro 5G (Cosmic Black, 128 GB)",4520,8,128,108,20.0,16.94,Mi,28190
472,"SAMSUNG Galaxy A33 (Awesome Peach, 128 GB)",5000,6,128,48,13.0,16.26,SAMSUNG,27999
473,"OnePlus Nord 2 5G (Blue Haze, 256 GB)",4500,12,256,50,,16.33,OnePlus,33999
474,"SAMSUNG Galaxy M53 5G (Mystique Green, 128 GB)",5000,8,128,108,,17.02,SAMSUNG,34999
475,"vivo V23 Pro 5G (Stardust Black, 128 GB)",4300,8,128,108,50.0,16.66,vivo,38990
476,"vivo V23 Pro 5G (Stardust Black, 256 GB)",4300,12,256,108,50.0,16.66,vivo,43990
477,"Xiaomi 11T Pro 5G Hyperphone (Meteorite Black, 128 GB)",5000,8,128,108,,16.94,Xiaomi,31990
479,"POCO F4 5G (Night Black, 256 GB)",4500,12,256,64,20.0,16.94,POCO,39999
480,"vivo V23 Pro 5G (Stardust Black, 256 GB)",4300,12,256,108,50.0,16.66,vivo,43990
481,"vivo V23 Pro 5G (Stardust Black, 128 GB)",4300,8,128,108,50.0,16.66,vivo,38990
482,"Xiaomi 11T Pro 5G Hyperphone (Meteorite Black, 128 GB)",5000,8,128,108,,16.94,Xiaomi,31990
484,"POCO F4 5G (Night Black, 256 GB)",4500,12,256,64,20.0,16.94,POCO,39999
486,"MOTOROLA G51 5G (Indigo Blue, 64 GB)",5000,4,64,50,13.0,17.27,MOTOROLA,14999
487,"SAMSUNG Galaxy A34 5G (Awesome Violet, 128 GB)",5000,6,128,48,13.0,16.76,SAMSUNG,30999
488,"OPPO Reno5 Pro 5G (Astral Blue, 128 GB)",4350,8,128,64,32.0,16.64,OPPO,35990
489,"vivo Y100 A 5G (Metal Black, 256 GB)",4500,8,256,64,16.0,16.21,vivo,26499
490,"realme GT NEO 3 (150W) (Sprint White, 256 GB)",4500,12,256,50,16.0,17.02,realme,42999
493,"SAMSUNG Galaxy A52s 5G (Awesome Violet, 128 GB)",4500,8,128,64,32.0,16.51,SAMSUNG,35999
494,"SAMSUNG Galaxy S22 Ultra 5G (Green, 256 GB)",5000,12,256,108,40.0,17.27,SAMSUNG,87990
496,"OPPO Find N2 Flip (Moonlit Purple, 256 GB)",4300,8,256,50,32.0,17.27,OPPO,89999
500,"SAMSUNG Galaxy M32 (Light Blue, 64 GB)",6000,4,64,48,,16.51,SAMSUNG,16999
501,"realme X7 Pro 5G (Mystic Black, 128 GB)",4500,8,128,64,32.0,16.64,realme,29999
503,"vivo Y72 5G (Slate Gray, 128 GB)",5000,8,128,48,8.0,16.71,vivo,19999
504,"MOTOROLA G51 5G (Indigo Blue, 64 GB)",5000,4,64,50,13.0,17.27,MOTOROLA,14999
505,"SAMSUNG Galaxy A34 5G (Awesome Violet, 128 GB)",5000,6,128,48,13.0,16.76,SAMSUNG,30999
506,"OPPO Reno5 Pro 5G (Astral Blue, 128 GB)",4350,8,128,64,32.0,16.64,OPPO,35990
507,"vivo Y100 A 5G (Metal Black, 256 GB)",4500,8,256,64,16.0,16.21,vivo,26499
508,"realme GT NEO 3 (150W) (Sprint White, 256 GB)",4500,12,256,50,16.0,17.02,realme,42999
511,"SAMSUNG Galaxy A52s 5G (Awesome Violet, 128 GB)",4500,8,128,64,32.0,16.51,SAMSUNG,35999
513,"SAMSUNG Galaxy S22 Ultra 5G (Green, 256 GB)",5000,12,256,108,40.0,17.27,SAMSUNG,87990
514,"OPPO Find N2 Flip (Moonlit Purple, 256 GB)",4300,8,256,50,32.0,17.27,OPPO,89999
519,"realme X7 Pro 5G (Mystic Black, 128 GB)",4500,8,128,64,32.0,16.64,realme,29999
520,"SAMSUNG Galaxy M32 (Light Blue, 64 GB)",6000,4,64,48,,16.51,SAMSUNG,16999
522,"vivo Y72 5G (Slate Gray, 128 GB)",5000,8,128,48,8.0,16.71,vivo,19999
523,"realme 9 5G Speed Edition (Azure Glow,128GB)(8GB RAM) (Azure Glow, 128 GB)",5000,8,128,48,,16.76,realme,18999
524,"realme 11 Pro+ 5G (Oasis Green, 256 GB)",5000,8,256,200,32.0,17.02,realme,27999
525,"vivo Y100 A 5G (Pacific Blue, 256 GB)",4500,8,256,64,16.0,16.21,vivo,25999
527,"realme 11 Pro+ 5G (Astral Black, 256 GB)",5000,12,256,200,32.0,17.02,realme,29999
528,"realme 11 Pro+ 5G (Astral Black, 256 GB)",5000,12,256,200,32.0,17.02,realme,29999
529,"realme GT NEO 3 (150W) (Asphalt Black, 256 GB)",4500,12,256,50,16.0,17.02,realme,42999
531,"OnePlus 11 5G (Titan Black, 256 GB)",5000,16,256,50,,17.02,OnePlus,61899
532,"MOTOROLA Edge 30 Pro (Stardust White, 128 GB)",4800,8,128,50,60.0,16.3,MOTOROLA,34999
534,"OnePlus 9 Pro 5G (Morning Mist, 256 GB)",4500,12,256,48,,17.02,OnePlus,47999
535,"REDMI Note 11T 5G (Stardust White, 128 GB)",5000,6,128,50,,16.76,REDMI,17990
536,"SAMSUNG Galaxy A54 5G (Awesome Violet, 128 GB)",5000,8,128,50,32.0,16.26,SAMSUNG,39099
539,"Xiaomi 11Lite NE (Jazz Blue, 128 GB)",4250,8,128,64,,16.64,Xiaomi,22200
540,"SAMSUNG Galaxy S23 Ultra 5G (Cream, 256 GB)",5000,12,256,200,12.0,17.27,SAMSUNG,124999
541,"OnePlus Nord 2 5G (Green Wood, 256 GB)",4500,12,256,50,,16.33,OnePlus,34990
542,"SAMSUNG Galaxy S23 Plus 5G (Cream, 512 GB)",4700,8,512,50,12.0,16.76,SAMSUNG,104999
543,"OnePlus 9RT 5G (Hacker Black, 256 GB)",4500,12,256,50,,16.81,OnePlus,48999
544,"SAMSUNG Galaxy Z Fold4 5G (Graygreen, 256 GB)",4400,12,256,50,10.0,19.3,SAMSUNG,154989
545,"OnePlus 9RT 5G (Hacker Black, 128 GB)",4500,8,128,50,,16.81,OnePlus,42999
547,"OnePlus 8 (Glacial Green, 128 GB)",4300,8,128,48,16.0,16.64,OnePlus,32990
548,"OnePlus 8 (Onyx Black, 128 GB)",4300,8,128,48,16.0,16.64,OnePlus,32990
549,"OnePlus 8 (Interstellar Glow, 256 GB)",4300,12,256,48,,16.64,OnePlus,35990
550,"OnePlus 10R 5G (Prime Blue, 128 GB)",5000,8,128,50,,17.02,OnePlus,32999
552,"SAMSUNG Galaxy M32 5G (Slate Black, 128 GB)",5000,8,128,48,13.0,16.51,SAMSUNG,20999
553,"IQOO Z6 Lite 5G (Without Charger) (Mystic Night, 128 GB)",5000,6,128,50,,16.97,IQOO,16990
554,"OnePlus 11R 5G (Sonic Black, 128 GB)",5000,8,128,50,,17.02,OnePlus,39800
555,"realme 11 Pro+ 5G (Sunrise Beige, 256 GB)",5000,12,256,200,32.0,17.02,realme,29999
556,"realme 11 Pro+ 5G (Sunrise Beige, 256 GB)",5000,8,256,200,32.0,17.02,realme,27999
557,"POCO F4 5G (Nebula Green, 128 GB)",4500,8,128,64,20.0,16.94,POCO,27999
558,"OPPO F21 Pro 5G (Rainbow Spectrum, 128 GB)",4500,8,128,16,,16.33,OPPO,24490
559,"SAMSUNG Galaxy S22 Ultra 5G (Phantom Black, 256 GB)",5000,12,256,108,40.0,17.27,SAMSUNG,84999
560,"IQOO Z7s 5G (Norway Blue, 128 GB)",4500,6,128,64,,16.21,IQOO,19290
561,"OnePlus 10R (Forest Green, 128 GB)",5000,8,128,50,,17.02,OnePlus,30999
563,"OnePlus 10R (Sierra Black, 128 GB)",5000,8,128,50,,17.02,OnePlus,30999
564,"OnePlus 9 Pro 5G (Stellar Black, 256 GB)",4500,12,256,48,,17.02,OnePlus,64999
565,"OnePlus 10 Pro 5G (Volcanic Black, 256 GB)",5000,12,256,48,,17.02,OnePlus,54999
566,"REDMI Note 11T 5G (Stardust White, 128 GB)",5000,6,128,50,,16.76,REDMI,17999
568,"vivo V25 (Elegant Black, 128 GB)",4500,8,128,64,,16.36,vivo,25290
569,"realme GT NEO 3 (150W) (Nitro Blue, 256 GB)",4500,12,256,50,16.0,17.02,realme,42999
570,"IQOO Neo 7 5G (Frost Blue, 128 GB)",5000,8,128,64,,17.22,IQOO,31990
571,"realme GT Neo 3T (Drifting White, 128 GB)",5000,6,128,64,16.0,16.81,realme,34999
572,"realme GT Neo 3T (Drifting White, 128 GB)",5000,8,128,64,16.0,16.81,realme,36999
573,"realme GT Neo 3T (Dash Yellow, 256 GB)",5000,8,256,64,16.0,16.81,realme,38999
575,"OPPO A74 5G (Fantastic Purple, 128 GB)",5000,6,128,48,8.0,16.48,OPPO,20890
576,"realme GT Neo 3T (Shade Black, 128 GB)",5000,6,128,64,16.0,16.81,realme,34999
577,"realme GT Neo 3 (Nitro Blue, 128 GB)",5000,8,128,50,16.0,17.02,realme,36999
578,"SAMSUNG Galaxy A53 (Awesome White, 128 GB)",5000,6,128,64,32.0,16.51,SAMSUNG,31999
580,"SAMSUNG Galaxy S22 Ultra 5G (Phantom Black, 256 GB)",5000,12,256,108,40.0,17.27,SAMSUNG,84999
581,"IQOO Z6 Lite 5G (Without Charger) (Mystic Night, 128 GB)",5000,6,128,50,,16.97,IQOO,16990
582,"OnePlus 11R 5G (Sonic Black, 128 GB)",5000,8,128,50,,17.02,OnePlus,39800
583,"OPPO F21 Pro 5G (Rainbow Spectrum, 128 GB)",4500,8,128,16,,16.33,OPPO,24490
585,"POCO F4 5G (Nebula Green, 128 GB)",4500,8,128,64,20.0,16.94,POCO,27999
586,"OnePlus 10R (Forest Green, 128 GB)",5000,8,128,50,,17.02,OnePlus,30999
587,"OnePlus 10 Pro 5G (Volcanic Black, 256 GB)",5000,12,256,48,,17.02,OnePlus,54999
588,"OnePlus 9 Pro 5G (Stellar Black, 256 GB)",4500,12,256,48,,17.02,OnePlus,64999
589,"OnePlus 10R (Sierra Black, 128 GB)",5000,8,128,50,,17.02,OnePlus,30999
590,"REDMI Note 11T 5G (Stardust White, 128 GB)",5000,6,128,50,,16.76,REDMI,17999
592,"vivo V25 (Elegant Black, 128 GB)",4500,8,128,64,,16.36,vivo,25290
593,"realme GT NEO 3 (150W) (Nitro Blue, 256 GB)",4500,12,256,50,16.0,17.02,realme,42999
594,"MOTOROLA Edge 20 5G (Frosted Onyx, 128 GB)",4000,8,128,108,32.0,17.02,MOTOROLA,34999
595,"realme GT Neo 3T (Drifting White, 128 GB)",5000,6,128,64,16.0,16.81,realme,34999
596,"realme GT Neo 3T (Drifting White, 128 GB)",5000,8,128,64,16.0,16.81,realme,36999
597,"realme GT Neo 3T (Dash Yellow, 256 GB)",5000,8,256,64,16.0,16.81,realme,38999
599,"vivo V25 pro (Sailing Blue, 128 GB)",4830,8,128,64,32.0,16.66,vivo,28880
600,"IQOO Z6 Pro 5G (Phantom Dusk, 128 GB)",4700,8,128,64,16.0,16.36,IQOO,23790
601,"OnePlus Nord 2 5G (Blue Haze, 256 GB)",4500,12,256,50,,16.33,OnePlus,34990
602,"realme GT Neo 3 (Asphalt Black, 256 GB)",5000,8,256,50,16.0,17.02,realme,38999
603,"realme GT 2 Pro (Steel Black, 256 GB)",5000,12,256,50,32.0,17.02,realme,57999
604,"Xiaomi 11Lite NE (Vinyl Black, 128 GB)",4250,6,128,64,,16.64,Xiaomi,24499
605,"OnePlus 10 Pro 5G (Emerald Forest, 128 GB)",5000,8,128,48,,17.02,OnePlus,49989
606,"realme GT 2 Pro (Paper White, 128 GB)",5000,8,128,50,32.0,17.02,realme,49999
607,"SAMSUNG Galaxy A53 (Awesome Peach, 256 GB)",5000,8,256,64,32.0,16.51,SAMSUNG,35890
608,"OnePlus 9RT 5G (Nano Silver, 256 GB)",4500,12,256,50,,16.81,OnePlus,39890
609,"OnePlus 9RT 5G (Nano Silver, 128 GB)",4500,8,128,50,,16.81,OnePlus,39999
610,"OnePlus 10T 5G (Jade Green, 256 GB)",4800,12,256,50,,17.02,OnePlus,48990
611,"Xiaomi 11i 5G (Stealth Black, 128 GB)",5160,8,128,108,16.0,16.94,Xiaomi,26999
612,"realme GT 5G (Dashing Blue, 128 GB)",4500,8,128,64,16.0,16.33,realme,27999
613,"POCO F4 5G (Night Black, 128 GB)",4500,6,128,64,20.0,16.94,POCO,27999
615,"REDMI Note 12 5G (Matte Black, 256 GB)",5000,8,256,48,13.0,16.94,REDMI,20999
616,"vivo V25 Pro 5G (Sailing Blue, 128 GB)",4830,8,128,64,32.0,16.66,vivo,28880
617,"REDMI Note 12 5G (Mystique Blue, 256 GB)",5000,8,256,48,13.0,16.94,REDMI,20999
618,"SAMSUNG Galaxy M14 5G (Icy Silver, 128 GB)",6000,6,128,50,,16.76,SAMSUNG,18900
619,"REDMI Note 12 5G (Frosted Green, 256 GB)",5000,8,256,48,13.0,16.94,REDMI,20999
621,"OnePlus 9 5G (Astral Black, 256 GB)",4500,12,256,48,,16.81,OnePlus,39998
622,"SAMSUNG Galaxy A54 5G (Awesome Lime, 256 GB)",5000,8,256,50,32.0,16.26,SAMSUNG,39899
623,"Xiaomi 11Lite NE (Jazz Blue, 128 GB)",4250,6,128,64,,16.64,Xiaomi,24990
624,"Xiaomi 11Lite NE (Vinyl Black, 128 GB)",4250,6,128,64,,16.64,Xiaomi,24499
625,"realme GT 2 Pro (Paper White, 128 GB)",5000,8,128,50,32.0,17.02,realme,49999
626,"IQOO Z6 Pro 5G (Phantom Dusk, 256 GB)",4700,12,256,64,,16.36,IQOO,28390
627,"OnePlus 10 Pro 5G (Emerald Forest, 128 GB)",5000,8,128,48,,17.02,OnePlus,49989
628,"SAMSUNG Galaxy A53 (Awesome Peach, 256 GB)",5000,8,256,64,32.0,16.51,SAMSUNG,35890
630,"OnePlus 9RT 5G (Nano Silver, 128 GB)",4500,8,128,50,,16.81,OnePlus,39999
631,"OnePlus 9RT 5G (Nano Silver, 256 GB)",4500,12,256,50,,16.81,OnePlus,39890
632,"OnePlus 10T 5G (Jade Green, 256 GB)",4800,12,256,50,,17.02,OnePlus,48990
633,"Xiaomi 11i 5G (Stealth Black, 128 GB)",5160,8,128,108,16.0,16.94,Xiaomi,26999
634,"realme GT 5G (Dashing Blue, 128 GB)",4500,8,128,64,16.0,16.33,realme,27999
635,"POCO F4 5G (Night Black, 128 GB)",4500,6,128,64,20.0,16.94,POCO,27999
637,"vivo V25 Pro 5G (Sailing Blue, 128 GB)",4830,8,128,64,32.0,16.66,vivo,28880
638,"REDMI Note 12 5G (Matte Black, 256 GB)",5000,8,256,48,13.0,16.94,REDMI,20999
639,"REDMI Note 12 5G (Mystique Blue, 256 GB)",5000,8,256,48,13.0,16.94,REDMI,20999
640,"SAMSUNG Galaxy M14 5G (Berry Blue, 128 GB)",6000,4,128,50,,16.76,SAMSUNG,14670
641,"REDMI Note 12 5G (Frosted Green, 256 GB)",5000,8,256,48,13.0,16.94,REDMI,20999
642,"realme 11 Pro 5G (Sunrise Beige, 256 GB)",5000,8,256,100,16.0,17.02,realme,24999
645,"OnePlus 8 Pro (Ultramarine Blue, 256 GB)",4510,12,256,48,16.0,17.22,OnePlus,43990
646,"Xiaomi 11Lite NE (Jazz Blue, 128 GB)",4250,6,128,64,,16.64,Xiaomi,24990
647,"SAMSUNG Galaxy A53 (Awesome Black, 128 GB)",5000,6,128,64,32.0,16.51,SAMSUNG,31800
648,"OnePlus 8T 5G (Aquamarine Green, 128 GB)",4500,8,128,48,,16.64,OnePlus,30990
649,"realme GT 2 Pro (Paper Green, 128 GB)",5000,8,128,50,32.0,17.02,realme,49999
651,"vivo X70 Pro (Aurora Dawn, 256 GB)",4450,8,256,50,32.0,16.66,vivo,42999
652,"SAMSUNG Galaxy M52 5G (Blazing Black, 128 GB)",5000,8,128,32,,17.02,SAMSUNG,32999
653,"vivo X80 (Cosmic Black, 128 GB)",4500,8,128,50,32.0,17.22,vivo,54999
654,"Xiaomi 12 Pro 5G (Noir Black, 256 GB)",4600,12,256,50,32.0,17.09,Xiaomi,47499
655,"Mi 11X (Celestial Silver, 128 GB)",4520,6,128,48,20.0,16.94,Mi,23990
659,"SAMSUNG Galaxy M14 5G (Smoky Teal, 128 GB)",6000,6,128,50,,16.76,SAMSUNG,16489
660,"Tecno Spark 10 5G (Meta White, 128 GB)",5000,8,128,50,8.0,16.76,Tecno,13999
661,"SAMSUNG Galaxy M14 5G (Berry Blue, 128 GB)",6000,6,128,50,,16.76,SAMSUNG,15149
662,"SAMSUNG GALAXY M13 5G (Aqua Green, 128 GB)",5000,6,128,50,,16.51,SAMSUNG,16299
663,"Infinix Zero 5G (Cosmic Black, 128 GB)",5000,8,128,48,16.0,17.22,Infinix,19999
664,"SAMSUNG Galaxy A52s 5G (Awesome Black, 128 GB)",4500,6,128,64,32.0,16.51,SAMSUNG,38999
666,"Xiaomi 12 Pro 5G (Opera Mauve, 256 GB)",4600,8,256,50,32.0,17.09,Xiaomi,42990
667,"realme GT 2 Pro (Steel Black, 128 GB)",5000,8,128,50,32.0,17.02,realme,49999
673,"realme GT 2 Pro (Paper Green, 128 GB)",5000,8,128,50,32.0,17.02,realme,49999
674,"SAMSUNG Galaxy M52 5G (Blazing Black, 128 GB)",5000,8,128,32,,17.02,SAMSUNG,32999
675,"vivo X80 (Cosmic Black, 128 GB)",4500,8,128,50,32.0,17.22,vivo,54999
679,"Tecno Spark 10 5G (Meta White, 128 GB)",5000,8,128,50,8.0,16.76,Tecno,13999
680,"SAMSUNG GALAXY M13 5G (Aqua Green, 128 GB)",5000,6,128,50,,16.51,SAMSUNG,16299
682,"Infinix Zero 5G (Cosmic Black, 128 GB)",5000,8,128,48,16.0,17.22,Infinix,19999
683,"SAMSUNG Galaxy A52s 5G (Awesome Black, 128 GB)",4500,6,128,64,32.0,16.51,SAMSUNG,38999
684,"Xiaomi 12 Pro 5G (Opera Mauve, 256 GB)",4600,8,256,50,32.0,17.09,Xiaomi,42990
686,"realme GT 2 Pro (Steel Black, 128 GB)",5000,8,128,50,32.0,17.02,realme,49999
690,"SAMSUNG Galaxy S23 Ultra 5G Smartphone (Phantom Black, 256 GB)",5000,12,256,200,12.0,17.27,SAMSUNG,115999
691,"Mi 11X (Cosmic Black, 128 GB)",4520,6,128,48,20.0,16.94,Mi,23890
692,"SAMSUNG Galaxy F54 5G (Stardust Silver, 256 GB)",6000,8,256,108,32.0,17.02,SAMSUNG,31999
693,"SAMSUNG Galaxy F54 5G (Meteor Blue, 256 GB)",6000,8,256,108,32.0,17.02,SAMSUNG,31999
694,"OnePlus 11 5G (Titan Black, 128 GB)",5000,8,128,50,,17.02,OnePlus,53400
695,"OnePlus 11R 5G (Sonic Black, 128 GB)",5000,8,128,50,,17.02,OnePlus,39990
696,"Tecno Camon 20 Pro (Serenity Blue, 128 GB)",5000,8,128,64,32.0,16.94,Tecno,19999
697,"OnePlus 11 5G (Eternal Green, 128 GB)",5000,8,128,50,,17.02,OnePlus,54900
698,"Tecno Spark 10 5G (Meta Blue, 64 GB)",50000,4,64,50,8.0,16.76,Tecno,13190
699,"OnePlus 10R 5G (Sierra Black, 256 GB)",4500,12,256,50,,17.02,OnePlus,35499
701,"Tecno Spark 10 5G (Meta Black, 64 GB)",50000,4,64,50,8.0,16.76,Tecno,12998
702,"OPPO F23 5G | 64MP Rear Triple AI Camera | 6.72"" FHD+ 120Hz Display (Cool Black, 256 GB)",5000,8,256,64,,16.66,OPPO,23900
703,"Tecno Spark 10 5G (Meta White, 64 GB)",50000,4,64,50,8.0,16.76,Tecno,12499
704,"OPPO F23 5G | 64MP Rear Triple AI Camera | 6.72"" FHD+ 120Hz Display (Bold Gold, 256 GB)",5000,8,256,64,,16.66,OPPO,23300
705,"OnePlus 10R 5G (Forest Green, 256 GB)",5000,12,256,50,,17.02,OnePlus,35499
706,"OnePlus 10T 5G (Jade Green, 128 GB)",4800,8,128,50,,17.02,OnePlus,49800
707,"SAMSUNG Galaxy M33 5G (Deep Ocean Blue, 128 GB)",6000,6,128,50,,16.76,SAMSUNG,15812
708,"SAMSUNG A52s (Black, 128 GB)",4500,8,128,64,,16.51,SAMSUNG,40999
709,"REDMI Note 10 JE 5G (Chrome Silver, 64 GB)",5000,4,64,48,,16.66,REDMI,11999
710,"Mi 10T (Lunar Silver, 128 GB)",5000,6,128,64,20.0,16.94,Mi,27990
711,"Mi 11X (Lunar White, 128 GB)",4520,6,128,48,20.0,16.94,Mi,24490
712,"OnePlus 9 Pro 5G (Pine Green, 256 GB)",4500,12,256,48,,17.02,OnePlus,47999
713,"SAMSUNG Galaxy M33 5G (Deep Ocean Blue, 128 GB)",6000,8,128,50,,16.76,SAMSUNG,17660
714,"OnePlus 11 5G (Titan Black, 256 GB)",5000,16,256,50,,17.02,OnePlus,59798
715,"Tecno Phantom V fold 5G (Black, 256 GB)",5000,12,256,50,,16.31,Tecno,88888
716,"OnePlus 11 5G (Eternal Green, 256 GB)",5000,16,256,50,,17.02,OnePlus,59890
717,"OnePlus Nord 2T 5G (Gray Shadow, 128 GB)",4500,8,128,50,,17.02,OnePlus,28047
718,"OnePlus Nord 2T 5G (Gray Shadow, 128 GB)",4500,8,128,50,,17.02,OnePlus,27822
719,"OnePlus 10 Pro 5G (Emerald Forest, 128 GB)",5000,8,128,48,,17.02,OnePlus,49999
